{
  "os": "Windows 10 (build 10.0.19045)",
  "tf_version": "2.21.0",
  "python": "3.10.0",
  "processor": "Intel64 Family 6 Model 165 Stepping 5, GenuineIntel",
  "devices": "[PhysicalDevice(name='/physical_device:CPU:0', device_type='CPU')]",
  "data_shape": "(297, 1200)",
  "pca_time": 0.03110671043395996,
  "cluster_time": 0.2176065444946289,
  "ae_total_time": 45.52148199081421,
  "ae_first_epoch_ms": 1414.3381118774414,
  "ae_avg_epoch_from2_ms": 87.23466764232201,
  "ae_avg_epoch_all_ms": 89.88887453079224,
  "ae_final_loss": -15.614824295043945,
  "ae_final_val_loss": -16.23028564453125,
  "ros_time": 0.001996278762817383,
  "smote_time": 0.004116535186767578,
  "adasyn_time": 0.0055217742919921875,
  "classifier_results": {
    "No Augmentation": {
      "RandomForest": {
        "mean": 0.9728813559322035,
        "std": 0.025367168723891144
      },
      "LinearSVC": {
        "mean": 0.983276836158192,
        "std": 0.018257768238657476
      },
      "LogisticRegression": {
        "mean": 0.9932203389830508,
        "std": 0.013559322033898313
      },
      "KNeighbors": {
        "mean": 0.9425423728813559,
        "std": 0.03159480448329101
      },
      "DecisionTree": {
        "mean": 0.9797740112994351,
        "std": 0.016515739110140988
      },
      "AdaBoost": {
        "mean": 0.5622598870056497,
        "std": 0.0035981205261221985
      },
      "GaussianNB": {
        "mean": 0.9561581920903954,
        "std": 0.013730557188570643
      },
      "MLP": {
        "mean": 0.9798870056497175,
        "std": 0.016423486847610937
      }
    },
    "RandomOverSampler": {
      "RandomForest": {
        "mean": 0.9882352941176471,
        "std": 0.02352941176470589
      },
      "LinearSVC": {
        "mean": 0.9852941176470589,
        "std": 0.009300816647554059
      },
      "LogisticRegression": {
        "mean": 0.9941176470588236,
        "std": 0.011764705882352944
      },
      "KNeighbors": {
        "mean": 0.9382352941176471,
        "std": 0.034046579125853633
      },
      "DecisionTree": {
        "mean": 0.9941176470588236,
        "std": 0.011764705882352944
      },
      "AdaBoost": {
        "mean": 0.5,
        "std": 0.0
      },
      "GaussianNB": {
        "mean": 0.9647058823529411,
        "std": 0.023894230601870455
      },
      "MLP": {
        "mean": 0.9823529411764707,
        "std": 0.014408763192842228
      }
    },
    "SMOTE": {
      "RandomForest": {
        "mean": 0.9882352941176471,
        "std": 0.02352941176470589
      },
      "LinearSVC": {
        "mean": 0.973529411764706,
        "std": 0.01714985851425091
      },
      "LogisticRegression": {
        "mean": 0.9941176470588236,
        "std": 0.011764705882352944
      },
      "KNeighbors": {
        "mean": 0.9470588235294116,
        "std": 0.03901911518065177
      },
      "DecisionTree": {
        "mean": 0.9823529411764707,
        "std": 0.02352941176470589
      },
      "AdaBoost": {
        "mean": 0.5,
        "std": 0.0
      },
      "GaussianNB": {
        "mean": 0.9647058823529411,
        "std": 0.023894230601870455
      },
      "MLP": {
        "mean": 0.9764705882352942,
        "std": 0.022009749333964365
      }
    },
    "ADASYN": {
      "RandomForest": {
        "mean": 0.982089552238806,
        "std": 0.023880597014925353
      },
      "LinearSVC": {
        "mean": 0.9940737489025461,
        "std": 0.007258477507399318
      },
      "LogisticRegression": {
        "mean": 0.9940298507462686,
        "std": 0.011940298507462678
      },
      "KNeighbors": {
        "mean": 0.9345478489903425,
        "std": 0.026250363360761843
      },
      "DecisionTree": {
        "mean": 0.9642669007901669,
        "std": 0.02236239469545595
      },
      "AdaBoost": {
        "mean": 0.4955223880597014,
        "std": 0.003655954839974903
      },
      "GaussianNB": {
        "mean": 0.9374890254609307,
        "std": 0.04480589139158783
      },
      "MLP": {
        "mean": 0.9941176470588236,
        "std": 0.011764705882352944
      }
    }
  }
}